[
{ "mac_address": "A4:1F:72:F5:90:98", "seen.last": 1555370455, "asn": 0, "symbolic_name": "exemplo.portoalegre.pucrsnet.br", "ip": { "ipVersion": 4, "localHost": false, "ip": "10.32.143.77" }, "localHost": true, "systemHost": false, "tcp_sent": { "packets": 0, "bytes": 0 }, "tcp_rcvd": { "packets": 0, "bytes": 0 }, "udp_sent": { "packets": 21, "bytes": 3813 }, "udp_rcvd": { "packets": 0, "bytes": 0 }, "icmp_sent": { "packets": 0, "bytes": 0 }, "icmp_rcvd": { "packets": 0, "bytes": 0 }, "other_ip_sent": { "packets": 1, "bytes": 60 }, "other_ip_rcvd": { "packets": 0, "bytes": 0 }, "pktStats.sent": { "upTo64": 2, "upTo128": 7, "upTo256": 16 }, "pktStats.recv": { }, "throughput_bps": 0, "throughput_trend_bps": "Stable", "throughput_pps": 0, "throughput_trend_pps": "Stable", "flows.as_client": 6, "flows.as_server": 0, "num_alerts": 0, "sent": { "packets": 22, "bytes": 3873 }, "rcvd": { "packets": 0, "bytes": 0 }, "ndpiStats": { "MDNS": { "bytes": { "sent": 405, "rcvd": 0 }, "packets": { "sent": 5, "rcvd": 0 } }, "SSDP": { "bytes": { "sent": 3408, "rcvd": 0 }, "packets": { "sent": 16, "rcvd": 0 } }, "IGMP": { "bytes": { "sent": 60, "rcvd": 0 }, "packets": { "sent": 1, "rcvd": 0 } } }, "dns": { "sent": { "stats": { } }, "rcvd": { "stats": { } } }, "http": { "sender": { "query": { }, "response": { }, "query_rate": { }, "response_rate": { } }, "receiver": { "query": { }, "response": { }, "query_rate": { }, "response_rate": { } } } },
{ "mac_address": "A4:1F:72:F5:90:B7", "seen.last": 1555370335, "asn": 0, "symbolic_name": "example_hostname.portoalegre.pucrsnet.br", "ip": { "ipVersion": 4, "localHost": false, "ip": "10.32.143.65" }, "localHost": true, "systemHost": false, "tcp_sent": { "packets": 0, "bytes": 0 }, "tcp_rcvd": { "packets": 0, "bytes": 0 }, "udp_sent": { "packets": 0, "bytes": 0 }, "udp_rcvd": { "packets": 0, "bytes": 0 }, "icmp_sent": { "packets": 0, "bytes": 0 }, "icmp_rcvd": { "packets": 0, "bytes": 0 }, "other_ip_sent": { "packets": 1, "bytes": 60 }, "other_ip_rcvd": { "packets": 0, "bytes": 0 }, "pktStats.sent": { "upTo64": 2 }, "pktStats.recv": { }, "throughput_bps": 0, "throughput_trend_bps": "Stable", "throughput_pps": 0, "throughput_trend_pps": "Stable", "flows.as_client": 1, "flows.as_server": 0, "num_alerts": 0, "sent": { "packets": 1, "bytes": 60 }, "rcvd": { "packets": 0, "bytes": 0 }, "ndpiStats": { "IGMP": { "bytes": { "sent": 60, "rcvd": 0 }, "packets": { "sent": 1, "rcvd": 0 } } }, "dns": { "sent": { "stats": { } }, "rcvd": { "stats": { } } }, "http": { "sender": { "query": { }, "response": { }, "query_rate": { }, "response_rate": { } }, "receiver": { "query": { }, "response": { }, "query_rate": { }, "response_rate": { } } } },
{ "mac_address": "01:00:5E:00:00:01", "seen.last": 1555370460, "asn": 0, "symbolic_name": "all-systems.mcast.net", "ip": { "ipVersion": 4, "localHost": false, "ip": "224.0.0.1" }, "localHost": false, "systemHost": false, "tcp_sent": { "packets": 0, "bytes": 0 }, "tcp_rcvd": { "packets": 0, "bytes": 0 }, "udp_sent": { "packets": 0, "bytes": 0 }, "udp_rcvd": { "packets": 0, "bytes": 0 }, "icmp_sent": { "packets": 0, "bytes": 0 }, "icmp_rcvd": { "packets": 0, "bytes": 0 }, "other_ip_sent": { "packets": 0, "bytes": 0 }, "other_ip_rcvd": { "packets": 1, "bytes": 60 }, "pktStats.sent": { }, "pktStats.recv": { "upTo64": 2 }, "throughput_bps": 0, "throughput_trend_bps": "Stable", "throughput_pps": 0, "throughput_trend_pps": "Stable", "flows.as_client": 0, "flows.as_server": 1, "num_alerts": 0, "sent": { "packets": 0, "bytes": 0 }, "rcvd": { "packets": 1, "bytes": 60 }, "ndpiStats": { "IGMP": { "bytes": { "sent": 0, "rcvd": 60 }, "packets": { "sent": 0, "rcvd": 1 } } } },
{ "mac_address": "A0:36:9F:ED:33:92", "seen.last": 1555370511, "asn": 0, "symbolic_name": "ce-in-f189.1e100.net", "ip": { "ipVersion": 4, "localHost": false, "ip": "64.233.190.189" }, "localHost": false, "systemHost": false, "tcp_sent": { "packets": 104, "bytes": 20504 }, "tcp_rcvd": { "packets": 83, "bytes": 10950 }, "udp_sent": { "packets": 0, "bytes": 0 }, "udp_rcvd": { "packets": 0, "bytes": 0 }, "icmp_sent": { "packets": 0, "bytes": 0 }, "icmp_rcvd": { "packets": 0, "bytes": 0 }, "other_ip_sent": { "packets": 0, "bytes": 0 }, "other_ip_rcvd": { "packets": 0, "bytes": 0 }, "pktStats.sent": { "upTo128": 81, "upTo256": 9, "upTo512": 18, "upTo1024": 16 }, "pktStats.recv": { "upTo128": 88, "upTo256": 2, "upTo512": 11, "upTo1024": 1, "upTo1518": 1 }, "throughput_bps": 0, "throughput_trend_bps": "Down", "throughput_pps": 0, "throughput_trend_pps": "Down", "flows.as_client": 1, "flows.as_server": 0, "num_alerts": 0, "sent": { "packets": 104, "bytes": 20504 }, "rcvd": { "packets": 83, "bytes": 10950 }, "ndpiStats": { "Unknown": { "bytes": { "sent": 1103, "rcvd": 365 }, "packets": { "sent": 5, "rcvd": 5 } }, "SSL": { "bytes": { "sent": 19401, "rcvd": 10585 }, "packets": { "sent": 99, "rcvd": 78 } } } },
{ "mac_address": "00:1C:7F:00:00:01", "seen.last": 1555370495, "asn": 0, "symbolic_name": "yx-in-f138.1e100.net", "ip": { "ipVersion": 4, "localHost": false, "ip": "64.233.177.138" }, "localHost": false, "systemHost": false, "tcp_sent": { "packets": 543, "bytes": 390694 }, "tcp_rcvd": { "packets": 445, "bytes": 135861 }, "udp_sent": { "packets": 0, "bytes": 0 }, "udp_rcvd": { "packets": 0, "bytes": 0 }, "icmp_sent": { "packets": 0, "bytes": 0 }, "icmp_rcvd": { "packets": 0, "bytes": 0 }, "other_ip_sent": { "packets": 0, "bytes": 0 }, "other_ip_rcvd": { "packets": 0, "bytes": 0 }, "pktStats.sent": { "upTo128": 221, "upTo256": 44, "upTo512": 34, "upTo1024": 19, "upTo1518": 233 }, "pktStats.recv": { "upTo128": 334, "upTo256": 12, "upTo512": 24, "upTo1024": 12, "upTo1518": 70 }, "throughput_bps": 0, "throughput_trend_bps": "Stable", "throughput_pps": 0, "throughput_trend_pps": "Stable", "flows.as_client": 0, "flows.as_server": 2, "num_alerts": 0, "sent": { "packets": 543, "bytes": 390694 }, "rcvd": { "packets": 445, "bytes": 135861 }, "ndpiStats": { "Unknown": { "bytes": { "sent": 206, "rcvd": 272 }, "packets": { "sent": 3, "rcvd": 4 } }, "Google": { "bytes": { "sent": 390488, "rcvd": 135589 }, "packets": { "sent": 540, "rcvd": 441 } } } },
{ "mac_address": "A4:1F:72:F5:90:4C", "seen.last": 1555370460, "asn": 0, "symbolic_name": "xxx.portoalegre.pucrsnet.br", "ip": { "ipVersion": 4, "localHost": false, "ip": "10.32.143.112" }, "localHost": true, "systemHost": false, "tcp_sent": { "packets": 0, "bytes": 0 }, "tcp_rcvd": { "packets": 0, "bytes": 0 }, "udp_sent": { "packets": 16, "bytes": 3408 }, "udp_rcvd": { "packets": 0, "bytes": 0 }, "icmp_sent": { "packets": 0, "bytes": 0 }, "icmp_rcvd": { "packets": 0, "bytes": 0 }, "other_ip_sent": { "packets": 2, "bytes": 120 }, "other_ip_rcvd": { "packets": 0, "bytes": 0 }, "pktStats.sent": { "upTo64": 4, "upTo256": 20 }, "pktStats.recv": { }, "throughput_bps": 0, "throughput_trend_bps": "Stable", "throughput_pps": 0, "throughput_trend_pps": "Stable", "flows.as_client": 6, "flows.as_server": 0, "num_alerts": 0, "sent": { "packets": 18, "bytes": 3528 }, "rcvd": { "packets": 0, "bytes": 0 }, "ndpiStats": { "SSDP": { "bytes": { "sent": 3408, "rcvd": 0 }, "packets": { "sent": 16, "rcvd": 0 } }, "IGMP": { "bytes": { "sent": 120, "rcvd": 0 }, "packets": { "sent": 2, "rcvd": 0 } } }, "dns": { "sent": { "stats": { } }, "rcvd": { "stats": { } } }, "http": { "sender": { "query": { }, "response": { }, "query_rate": { }, "response_rate": { } }, "receiver": { "query": { }, "response": { }, "query_rate": { }, "response_rate": { } } } },
{ "mac_address": "A4:1F:72:F5:90:4A", "seen.last": 1555370460, "asn": 0, "symbolic_name": "labredes.portoalegre.pucrsnet.br", "ip": { "ipVersion": 4, "localHost": false, "ip": "10.32.143.76" }, "localHost": true, "systemHost": false, "tcp_sent": { "packets": 0, "bytes": 0 }, "tcp_rcvd": { "packets": 0, "bytes": 0 }, "udp_sent": { "packets": 0, "bytes": 0 }, "udp_rcvd": { "packets": 0, "bytes": 0 }, "icmp_sent": { "packets": 0, "bytes": 0 }, "icmp_rcvd": { "packets": 0, "bytes": 0 }, "other_ip_sent": { "packets": 1, "bytes": 60 }, "other_ip_rcvd": { "packets": 0, "bytes": 0 }, "pktStats.sent": { "upTo64": 2 }, "pktStats.recv": { }, "throughput_bps": 0, "throughput_trend_bps": "Stable", "throughput_pps": 0, "throughput_trend_pps": "Stable", "flows.as_client": 1, "flows.as_server": 0, "num_alerts": 0, "sent": { "packets": 1, "bytes": 60 }, "rcvd": { "packets": 0, "bytes": 0 }, "ndpiStats": { "IGMP": { "bytes": { "sent": 60, "rcvd": 0 }, "packets": { "sent": 1, "rcvd": 0 } } }, "dns": { "sent": { "stats": { } }, "rcvd": { "stats": { } } }, "http": { "sender": { "query": { }, "response": { }, "query_rate": { }, "response_rate": { } }, "receiver": { "query": { }, "response": { }, "query_rate": { }, "response_rate": { } } } },
{ "mac_address": "50:3D:E5:D9:02:58", "seen.last": 1555370500, "asn": 0, "symbolic_name": "2a04:4e42:16::204", "ip": { "ipVersion": 6, "localHost": false, "ip": "2a04:4e42:16::204" }, "localHost": false, "systemHost": false, "tcp_sent": { "packets": 0, "bytes": 0 }, "tcp_rcvd": { "packets": 10, "bytes": 940 }, "udp_sent": { "packets": 0, "bytes": 0 }, "udp_rcvd": { "packets": 0, "bytes": 0 }, "icmp_sent": { "packets": 0, "bytes": 0 }, "icmp_rcvd": { "packets": 0, "bytes": 0 }, "other_ip_sent": { "packets": 0, "bytes": 0 }, "other_ip_rcvd": { "packets": 0, "bytes": 0 }, "pktStats.sent": { }, "pktStats.recv": { "upTo128": 16 }, "throughput_bps": 0, "throughput_trend_bps": "Stable", "throughput_pps": 0, "throughput_trend_pps": "Stable", "flows.as_client": 0, "flows.as_server": 2, "num_alerts": 0, "sent": { "packets": 0, "bytes": 0 }, "rcvd": { "packets": 10, "bytes": 940 }, "ndpiStats": { "Unknown": { "bytes": { "sent": 0, "rcvd": 940 }, "packets": { "sent": 0, "rcvd": 10 } } } },
{ "mac_address": "00:1C:7F:00:00:01", "seen.last": 1555370486, "asn": 0, "symbolic_name": "ya-in-f113.1e100.net", "ip": { "ipVersion": 4, "localHost": false, "ip": "173.194.219.113" }, "localHost": false, "systemHost": false, "tcp_sent": { "packets": 331, "bytes": 47793 }, "tcp_rcvd": { "packets": 281, "bytes": 200135 }, "udp_sent": { "packets": 0, "bytes": 0 }, "udp_rcvd": { "packets": 0, "bytes": 0 }, "icmp_sent": { "packets": 0, "bytes": 0 }, "icmp_rcvd": { "packets": 0, "bytes": 0 }, "other_ip_sent": { "packets": 0, "bytes": 0 }, "other_ip_rcvd": { "packets": 0, "bytes": 0 }, "pktStats.sent": { "upTo128": 249, "upTo256": 7, "upTo512": 71, "upTo1024": 8 }, "pktStats.recv": { "upTo128": 106, "upTo256": 30, "upTo512": 9, "upTo1024": 19, "upTo1518": 120 }, "throughput_bps": 0, "throughput_trend_bps": "Stable", "throughput_pps": 0, "throughput_trend_pps": "Stable", "flows.as_client": 0, "flows.as_server": 1, "num_alerts": 0, "sent": { "packets": 331, "bytes": 47793 }, "rcvd": { "packets": 281, "bytes": 200135 }, "ndpiStats": { "Unknown": { "bytes": { "sent": 66, "rcvd": 66 }, "packets": { "sent": 1, "rcvd": 1 } }, "Google": { "bytes": { "sent": 47727, "rcvd": 200069 }, "packets": { "sent": 330, "rcvd": 280 } } } },
{ "mac_address": "A4:1F:72:F5:90:86", "seen.last": 1555370335, "asn": 0, "symbolic_name": "labredes2.portoalegre.pucrsnet.br", "ip": { "ipVersion": 4, "localHost": false, "ip": "10.32.143.147" }, "localHost": true, "systemHost": false, "tcp_sent": { "packets": 0, "bytes": 0 }, "tcp_rcvd": { "packets": 0, "bytes": 0 }, "udp_sent": { "packets": 0, "bytes": 0 }, "udp_rcvd": { "packets": 0, "bytes": 0 }, "icmp_sent": { "packets": 0, "bytes": 0 }, "icmp_rcvd": { "packets": 0, "bytes": 0 }, "other_ip_sent": { "packets": 1, "bytes": 60 }, "other_ip_rcvd": { "packets": 0, "bytes": 0 }, "pktStats.sent": { "upTo64": 2 }, "pktStats.recv": { }, "throughput_bps": 0, "throughput_trend_bps": "Stable", "throughput_pps": 0, "throughput_trend_pps": "Stable", "flows.as_client": 1, "flows.as_server": 0, "num_alerts": 0, "sent": { "packets": 1, "bytes": 60 }, "rcvd": { "packets": 0, "bytes": 0 }, "ndpiStats": { "IGMP": { "bytes": { "sent": 60, "rcvd": 0 }, "packets": { "sent": 1, "rcvd": 0 } } }, "dns": { "sent": { "stats": { } }, "rcvd": { "stats": { } } }, "http": { "sender": { "query": { }, "response": { }, "query_rate": { }, "response_rate": { } }, "receiver": { "query": { }, "response": { }, "query_rate": { }, "response_rate": { } } } },
{ "mac_address": "01:00:5E:7F:FF:FA", "seen.last": 1555370515, "asn": 0, "symbolic_name": "239.255.255.250", "ip": { "ipVersion": 4, "localHost": false, "ip": "239.255.255.250" }, "localHost": false, "systemHost": false, "tcp_sent": { "packets": 0, "bytes": 0 }, "tcp_rcvd": { "packets": 0, "bytes": 0 }, "udp_sent": { "packets": 0, "bytes": 0 }, "udp_rcvd": { "packets": 228, "bytes": 48564 }, "icmp_sent": { "packets": 0, "bytes": 0 }, "icmp_rcvd": { "packets": 0, "bytes": 0 }, "other_ip_sent": { "packets": 0, "bytes": 0 }, "other_ip_rcvd": { "packets": 4, "bytes": 240 }, "pktStats.sent": { }, "pktStats.recv": { "upTo64": 8, "upTo256": 254 }, "throughput_bps": 170.39999389648438, "throughput_trend_bps": "Up", "throughput_pps": 0.80000001192092896, "throughput_trend_pps": "Up", "flows.as_client": 0, "flows.as_server": 61, "num_alerts": 0, "sent": { "packets": 0, "bytes": 0 }, "rcvd": { "packets": 232, "bytes": 48804 }, "ndpiStats": { "SSDP": { "bytes": { "sent": 0, "rcvd": 48564 }, "packets": { "sent": 0, "rcvd": 228 } }, "IGMP": { "bytes": { "sent": 0, "rcvd": 240 }, "packets": { "sent": 0, "rcvd": 4 } } } },
{ "mac_address": "01:00:5E:00:00:FB", "seen.last": 1555370460, "asn": 0, "symbolic_name": "224.0.0.251", "ip": { "ipVersion": 4, "localHost": false, "ip": "224.0.0.251" }, "localHost": false, "systemHost": false, "tcp_sent": { "packets": 0, "bytes": 0 }, "tcp_rcvd": { "packets": 0, "bytes": 0 }, "udp_sent": { "packets": 0, "bytes": 0 }, "udp_rcvd": { "packets": 0, "bytes": 0 }, "icmp_sent": { "packets": 0, "bytes": 0 }, "icmp_rcvd": { "packets": 0, "bytes": 0 }, "other_ip_sent": { "packets": 0, "bytes": 0 }, "other_ip_rcvd": { "packets": 1, "bytes": 60 }, "pktStats.sent": { }, "pktStats.recv": { "upTo64": 2 }, "throughput_bps": 0, "throughput_trend_bps": "Stable", "throughput_pps": 0, "throughput_trend_pps": "Stable", "flows.as_client": 0, "flows.as_server": 1, "num_alerts": 0, "sent": { "packets": 0, "bytes": 0 }, "rcvd": { "packets": 1, "bytes": 60 }, "ndpiStats": { "IGMP": { "bytes": { "sent": 0, "rcvd": 60 }, "packets": { "sent": 0, "rcvd": 1 } } } },
{ "mac_address": "A4:1F:72:F5:90:A1", "seen.last": 1555370505, "asn": 0, "symbolic_name": "labredes.portoalegre.pucrsnet.br", "ip": { "ipVersion": 4, "localHost": false, "ip": "10.32.143.63" }, "localHost": true, "systemHost": false, "tcp_sent": { "packets": 0, "bytes": 0 }, "tcp_rcvd": { "packets": 0, "bytes": 0 }, "udp_sent": { "packets": 20, "bytes": 4260 }, "udp_rcvd": { "packets": 0, "bytes": 0 }, "icmp_sent": { "packets": 0, "bytes": 0 }, "icmp_rcvd": { "packets": 0, "bytes": 0 }, "other_ip_sent": { "packets": 0, "bytes": 0 }, "other_ip_rcvd": { "packets": 0, "bytes": 0 }, "pktStats.sent": { "upTo256": 20 }, "pktStats.recv": { }, "throughput_bps": 0, "throughput_trend_bps": "Stable", "throughput_pps": 0, "throughput_trend_pps": "Stable", "flows.as_client": 5, "flows.as_server": 0, "num_alerts": 0, "sent": { "packets": 20, "bytes": 4260 }, "rcvd": { "packets": 0, "bytes": 0 }, "ndpiStats": { "SSDP": { "bytes": { "sent": 4260, "rcvd": 0 }, "packets": { "sent": 20, "rcvd": 0 } } }, "dns": { "sent": { "stats": { } }, "rcvd": { "stats": { } } }, "http": { "sender": { "query": { }, "response": { }, "query_rate": { }, "response_rate": { } }, "receiver": { "query": { }, "response": { }, "query_rate": { }, "response_rate": { } } } },
{ "mac_address": "00:0A:F7:2B:69:49", "seen.last": 1555370515, "asn": 0, "symbolic_name": "exemplo.portoalegre.pucrsnet.br", "ip": { "ipVersion": 4, "localHost": false, "ip": "10.32.143.78" }, "localHost": true, "systemHost": false, "tcp_sent": { "packets": 6952, "bytes": 754582 }, "tcp_rcvd": { "packets": 7485, "bytes": 4547313 }, "udp_sent": { "packets": 16, "bytes": 3408 }, "udp_rcvd": { "packets": 0, "bytes": 0 }, "icmp_sent": { "packets": 0, "bytes": 0 }, "icmp_rcvd": { "packets": 0, "bytes": 0 }, "other_ip_sent": { "packets": 1, "bytes": 60 }, "other_ip_rcvd": { "packets": 0, "bytes": 0 }, "pktStats.sent": { "upTo64": 4, "upTo128": 6354, "upTo256": 20, "upTo512": 388, "upTo1024": 272 }, "pktStats.recv": { "upTo128": 3385, "upTo256": 127, "upTo512": 1472, "upTo1024": 114, "upTo1518": 2452 }, "throughput_bps": 5511.2001953125, "throughput_trend_bps": "Up", "throughput_pps": 36.799999237060547, "throughput_trend_pps": "Up", "flows.as_client": 665, "flows.as_server": 0, "num_alerts": 0, "sent": { "packets": 6969, "bytes": 758050 }, "rcvd": { "packets": 7485, "bytes": 4547313 }, "ndpiStats": { "Unknown": { "bytes": { "sent": 140, "rcvd": 74 }, "packets": { "sent": 2, "rcvd": 1 } }, "HTTP": { "bytes": { "sent": 754442, "rcvd": 4547239 }, "packets": { "sent": 6950, "rcvd": 7484 } }, "SSDP": { "bytes": { "sent": 3408, "rcvd": 0 }, "packets": { "sent": 16, "rcvd": 0 } }, "IGMP": { "bytes": { "sent": 60, "rcvd": 0 }, "packets": { "sent": 1, "rcvd": 0 } } }, "dns": { "sent": { "stats": { } }, "rcvd": { "stats": { } } }, "http": { "sender": { "query": { "num_get": 660 }, "response": { }, "query_rate": { "get": 2 }, "response_rate": { } }, "receiver": { "query": { }, "response": { "num_2xx": 636, "num_3xx": 12, "num_4xx": 12 }, "query_rate": { }, "response_rate": { "2xx": 2 } } } },
{ "mac_address": "FF:FF:FF:FF:FF:FF", "seen.last": 1555370515, "asn": 0, "symbolic_name": "Broadcast", "ip": { "ipVersion": 4, "localHost": false, "ip": "255.255.255.255" }, "localHost": false, "systemHost": false, "tcp_sent": { "packets": 0, "bytes": 0 }, "tcp_rcvd": { "packets": 0, "bytes": 0 }, "udp_sent": { "packets": 0, "bytes": 0 }, "udp_rcvd": { "packets": 57, "bytes": 33630 }, "icmp_sent": { "packets": 0, "bytes": 0 }, "icmp_rcvd": { "packets": 0, "bytes": 0 }, "other_ip_sent": { "packets": 0, "bytes": 0 }, "other_ip_rcvd": { "packets": 0, "bytes": 0 }, "pktStats.sent": { }, "pktStats.recv": { "upTo1024": 86 }, "throughput_bps": 236, "throughput_trend_bps": "Up", "throughput_pps": 0.40000000596046448, "throughput_trend_pps": "Up", "flows.as_client": 0, "flows.as_server": 1, "num_alerts": 0, "sent": { "packets": 0, "bytes": 0 }, "rcvd": { "packets": 57, "bytes": 33630 }, "ndpiStats": { "DHCP": { "bytes": { "sent": 0, "rcvd": 33630 }, "packets": { "sent": 0, "rcvd": 57 } } } },
{ "mac_address": "00:1B:ED:92:29:40", "seen.last": 1555370460, "asn": 0, "symbolic_name": "10.0.32.10", "ip": { "ipVersion": 4, "localHost": false, "ip": "10.0.32.10" }, "localHost": false, "systemHost": false, "tcp_sent": { "packets": 0, "bytes": 0 }, "tcp_rcvd": { "packets": 0, "bytes": 0 }, "udp_sent": { "packets": 0, "bytes": 0 }, "udp_rcvd": { "packets": 0, "bytes": 0 }, "icmp_sent": { "packets": 0, "bytes": 0 }, "icmp_rcvd": { "packets": 0, "bytes": 0 }, "other_ip_sent": { "packets": 1, "bytes": 60 }, "other_ip_rcvd": { "packets": 0, "bytes": 0 }, "pktStats.sent": { "upTo64": 2 }, "pktStats.recv": { }, "throughput_bps": 0, "throughput_trend_bps": "Stable", "throughput_pps": 0, "throughput_trend_pps": "Stable", "flows.as_client": 1, "flows.as_server": 0, "num_alerts": 0, "sent": { "packets": 1, "bytes": 60 }, "rcvd": { "packets": 0, "bytes": 0 }, "ndpiStats": { "IGMP": { "bytes": { "sent": 60, "rcvd": 0 }, "packets": { "sent": 1, "rcvd": 0 } } } },
{ "mac_address": "00:1C:7F:00:00:01", "seen.last": 1555370475, "asn": 0, "symbolic_name": "ya-in-f95.1e100.net", "ip": { "ipVersion": 4, "localHost": false, "ip": "173.194.219.95" }, "localHost": false, "systemHost": false, "tcp_sent": { "packets": 30, "bytes": 10935 }, "tcp_rcvd": { "packets": 30, "bytes": 4948 }, "udp_sent": { "packets": 0, "bytes": 0 }, "udp_rcvd": { "packets": 0, "bytes": 0 }, "icmp_sent": { "packets": 0, "bytes": 0 }, "icmp_rcvd": { "packets": 0, "bytes": 0 }, "other_ip_sent": { "packets": 0, "bytes": 0 }, "other_ip_rcvd": { "packets": 0, "bytes": 0 }, "pktStats.sent": { "upTo64": 2, "upTo128": 24, "upTo256": 2, "upTo512": 2, "upTo1024": 3, "upTo1518": 5 }, "pktStats.recv": { "upTo128": 32, "upTo256": 2, "upTo1024": 4 }, "throughput_bps": 0, "throughput_trend_bps": "Stable", "throughput_pps": 0, "throughput_trend_pps": "Stable", "flows.as_client": 0, "flows.as_server": 2, "num_alerts": 0, "sent": { "packets": 30, "bytes": 10935 }, "rcvd": { "packets": 30, "bytes": 4948 }, "ndpiStats": { "Unknown": { "bytes": { "sent": 274, "rcvd": 338 }, "packets": { "sent": 4, "rcvd": 5 } }, "Google": { "bytes": { "sent": 10661, "rcvd": 4610 }, "packets": { "sent": 26, "rcvd": 25 } } } },
{ "mac_address": "A0:36:9F:ED:33:92", "seen.last": 1555370511, "asn": 0, "symbolic_name": "yb-in-f139.1e100.net", "ip": { "ipVersion": 4, "localHost": false, "ip": "64.233.185.139" }, "localHost": false, "systemHost": false, "tcp_sent": { "packets": 792, "bytes": 135945 }, "tcp_rcvd": { "packets": 639, "bytes": 251932 }, "udp_sent": { "packets": 0, "bytes": 0 }, "udp_rcvd": { "packets": 0, "bytes": 0 }, "icmp_sent": { "packets": 0, "bytes": 0 }, "icmp_rcvd": { "packets": 0, "bytes": 0 }, "other_ip_sent": { "packets": 0, "bytes": 0 }, "other_ip_rcvd": { "packets": 0, "bytes": 0 }, "pktStats.sent": { "upTo128": 484, "upTo256": 98, "upTo512": 205, "upTo1024": 4, "upTo1518": 10 }, "pktStats.recv": { "upTo128": 385, "upTo256": 14, "upTo512": 104, "upTo1024": 29, "upTo1518": 116 }, "throughput_bps": 0, "throughput_trend_bps": "Down", "throughput_pps": 0, "throughput_trend_pps": "Down", "flows.as_client": 1, "flows.as_server": 0, "num_alerts": 0, "sent": { "packets": 792, "bytes": 135945 }, "rcvd": { "packets": 639, "bytes": 251932 }, "ndpiStats": { "SSL": { "bytes": { "sent": 135945, "rcvd": 251932 }, "packets": { "sent": 792, "rcvd": 639 } } } },
{ "mac_address": "00:1C:7F:00:00:01", "seen.last": 1555370500, "asn": 0, "symbolic_name": "141.76.2.4", "ip": { "ipVersion": 4, "localHost": false, "ip": "141.76.2.4" }, "localHost": false, "systemHost": false, "tcp_sent": { "packets": 5, "bytes": 936 }, "tcp_rcvd": { "packets": 7, "bytes": 828 }, "udp_sent": { "packets": 0, "bytes": 0 }, "udp_rcvd": { "packets": 0, "bytes": 0 }, "icmp_sent": { "packets": 0, "bytes": 0 }, "icmp_rcvd": { "packets": 0, "bytes": 0 }, "other_ip_sent": { "packets": 0, "bytes": 0 }, "other_ip_rcvd": { "packets": 0, "bytes": 0 }, "pktStats.sent": { "upTo128": 4, "upTo256": 1, "upTo1024": 1 }, "pktStats.recv": { "upTo128": 6, "upTo256": 1, "upTo512": 1 }, "throughput_bps": 0, "throughput_trend_bps": "Stable", "throughput_pps": 0, "throughput_trend_pps": "Stable", "flows.as_client": 0, "flows.as_server": 1, "num_alerts": 0, "sent": { "packets": 5, "bytes": 936 }, "rcvd": { "packets": 7, "bytes": 828 }, "ndpiStats": { "HTTP": { "bytes": { "sent": 936, "rcvd": 828 }, "packets": { "sent": 5, "rcvd": 7 } } } },
{ "mac_address": "00:0A:F7:2B:69:38", "seen.last": 1555370505, "asn": 0, "symbolic_name": "labredes.portoalegre.pucrsnet.br", "ip": { "ipVersion": 4, "localHost": false, "ip": "10.32.143.59" }, "localHost": true, "systemHost": false, "tcp_sent": { "packets": 0, "bytes": 0 }, "tcp_rcvd": { "packets": 0, "bytes": 0 }, "udp_sent": { "packets": 20, "bytes": 4260 }, "udp_rcvd": { "packets": 0, "bytes": 0 }, "icmp_sent": { "packets": 0, "bytes": 0 }, "icmp_rcvd": { "packets": 0, "bytes": 0 }, "other_ip_sent": { "packets": 0, "bytes": 0 }, "other_ip_rcvd": { "packets": 0, "bytes": 0 }, "pktStats.sent": { "upTo256": 21 }, "pktStats.recv": { }, "throughput_bps": 0, "throughput_trend_bps": "Stable", "throughput_pps": 0, "throughput_trend_pps": "Stable", "flows.as_client": 5, "flows.as_server": 0, "num_alerts": 0, "sent": { "packets": 20, "bytes": 4260 }, "rcvd": { "packets": 0, "bytes": 0 }, "ndpiStats": { "SSDP": { "bytes": { "sent": 4260, "rcvd": 0 }, "packets": { "sent": 20, "rcvd": 0 } } }, "dns": { "sent": { "stats": { } }, "rcvd": { "stats": { } } }, "http": { "sender": { "query": { }, "response": { }, "query_rate": { }, "response_rate": { } }, "receiver": { "query": { }, "response": { }, "query_rate": { }, "response_rate": { } } } },
{ "mac_address": "00:1C:7F:00:00:01", "seen.last": 1555370486, "asn": 0, "symbolic_name": "23.62.41.254", "ip": { "ipVersion": 4, "localHost": false, "ip": "23.62.41.254" }, "localHost": false, "systemHost": false, "tcp_sent": { "packets": 3, "bytes": 428 }, "tcp_rcvd": { "packets": 4, "bytes": 495 }, "udp_sent": { "packets": 0, "bytes": 0 }, "udp_rcvd": { "packets": 0, "bytes": 0 }, "icmp_sent": { "packets": 0, "bytes": 0 }, "icmp_rcvd": { "packets": 0, "bytes": 0 }, "other_ip_sent": { "packets": 0, "bytes": 0 }, "other_ip_rcvd": { "packets": 0, "bytes": 0 }, "pktStats.sent": { "upTo128": 2, "upTo512": 1 }, "pktStats.recv": { "upTo128": 3, "upTo512": 1 }, "throughput_bps": 0, "throughput_trend_bps": "Stable", "throughput_pps": 0, "throughput_trend_pps": "Stable", "flows.as_client": 0, "flows.as_server": 1, "num_alerts": 0, "sent": { "packets": 3, "bytes": 428 }, "rcvd": { "packets": 4, "bytes": 495 }, "ndpiStats": { "HTTP": { "bytes": { "sent": 428, "rcvd": 495 }, "packets": { "sent": 3, "rcvd": 4 } } } },
{ "mac_address": "A4:1F:72:F5:90:50", "seen.last": 1555370500, "asn": 0, "symbolic_name": "labredes.portoalegre.pucrsnet.br", "ip": { "ipVersion": 4, "localHost": false, "ip": "10.32.143.70" }, "localHost": true, "systemHost": false, "tcp_sent": { "packets": 0, "bytes": 0 }, "tcp_rcvd": { "packets": 0, "bytes": 0 }, "udp_sent": { "packets": 20, "bytes": 4260 }, "udp_rcvd": { "packets": 0, "bytes": 0 }, "icmp_sent": { "packets": 0, "bytes": 0 }, "icmp_rcvd": { "packets": 0, "bytes": 0 }, "other_ip_sent": { "packets": 0, "bytes": 0 }, "other_ip_rcvd": { "packets": 0, "bytes": 0 }, "pktStats.sent": { "upTo256": 22 }, "pktStats.recv": { }, "throughput_bps": 0, "throughput_trend_bps": "Stable", "throughput_pps": 0, "throughput_trend_pps": "Stable", "flows.as_client": 5, "flows.as_server": 0, "num_alerts": 0, "sent": { "packets": 20, "bytes": 4260 }, "rcvd": { "packets": 0, "bytes": 0 }, "ndpiStats": { "SSDP": { "bytes": { "sent": 4260, "rcvd": 0 }, "packets": { "sent": 20, "rcvd": 0 } } }, "dns": { "sent": { "stats": { } }, "rcvd": { "stats": { } } }, "http": { "sender": { "query": { }, "response": { }, "query_rate": { }, "response_rate": { } }, "receiver": { "query": { }, "response": { }, "query_rate": { }, "response_rate": { } } } },
{ "mac_address": "00:1C:7F:00:00:01", "seen.last": 1555370479, "asn": 0, "symbolic_name": "gru14s08-in-f14.1e100.net", "ip": { "ipVersion": 4, "localHost": false, "ip": "172.217.28.14" }, "localHost": false, "systemHost": false, "tcp_sent": { "packets": 31, "bytes": 6776 }, "tcp_rcvd": { "packets": 32, "bytes": 3699 }, "udp_sent": { "packets": 0, "bytes": 0 }, "udp_rcvd": { "packets": 0, "bytes": 0 }, "icmp_sent": { "packets": 0, "bytes": 0 }, "icmp_rcvd": { "packets": 0, "bytes": 0 }, "other_ip_sent": { "packets": 0, "bytes": 0 }, "other_ip_rcvd": { "packets": 0, "bytes": 0 }, "pktStats.sent": { "upTo128": 30, "upTo256": 2, "upTo512": 2, "upTo1024": 1, "upTo1518": 2 }, "pktStats.recv": { "upTo128": 32, "upTo256": 3, "upTo1024": 2 }, "throughput_bps": 0, "throughput_trend_bps": "Stable", "throughput_pps": 0, "throughput_trend_pps": "Stable", "flows.as_client": 0, "flows.as_server": 2, "num_alerts": 0, "sent": { "packets": 31, "bytes": 6776 }, "rcvd": { "packets": 32, "bytes": 3699 }, "ndpiStats": { "Unknown": { "bytes": { "sent": 206, "rcvd": 272 }, "packets": { "sent": 3, "rcvd": 4 } }, "Google": { "bytes": { "sent": 6570, "rcvd": 3427 }, "packets": { "sent": 28, "rcvd": 28 } } } },
{ "mac_address": "A4:1F:72:F5:90:92", "seen.last": 1555370490, "asn": 0, "symbolic_name": "exemplo.portoalegre.pucrsnet.br", "ip": { "ipVersion": 4, "localHost": false, "ip": "10.32.143.101" }, "localHost": true, "systemHost": false, "tcp_sent": { "packets": 0, "bytes": 0 }, "tcp_rcvd": { "packets": 0, "bytes": 0 }, "udp_sent": { "packets": 20, "bytes": 4260 }, "udp_rcvd": { "packets": 0, "bytes": 0 }, "icmp_sent": { "packets": 0, "bytes": 0 }, "icmp_rcvd": { "packets": 0, "bytes": 0 }, "other_ip_sent": { "packets": 0, "bytes": 0 }, "other_ip_rcvd": { "packets": 0, "bytes": 0 }, "pktStats.sent": { "upTo256": 20 }, "pktStats.recv": { }, "throughput_bps": 0, "throughput_trend_bps": "Stable", "throughput_pps": 0, "throughput_trend_pps": "Stable", "flows.as_client": 5, "flows.as_server": 0, "num_alerts": 0, "sent": { "packets": 20, "bytes": 4260 }, "rcvd": { "packets": 0, "bytes": 0 }, "ndpiStats": { "SSDP": { "bytes": { "sent": 4260, "rcvd": 0 }, "packets": { "sent": 20, "rcvd": 0 } } }, "dns": { "sent": { "stats": { } }, "rcvd": { "stats": { } } }, "http": { "sender": { "query": { }, "response": { }, "query_rate": { }, "response_rate": { } }, "receiver": { "query": { }, "response": { }, "query_rate": { }, "response_rate": { } } } },
{ "mac_address": "B8:C7:5D:D0:5C:84", "seen.last": 1555370440, "asn": 0, "symbolic_name": "tcm.portoalegre.pucrsnet.br", "ip": { "ipVersion": 4, "localHost": false, "ip": "10.32.143.155" }, "localHost": true, "systemHost": false, "tcp_sent": { "packets": 0, "bytes": 0 }, "tcp_rcvd": { "packets": 0, "bytes": 0 }, "udp_sent": { "packets": 0, "bytes": 0 }, "udp_rcvd": { "packets": 2, "bytes": 368 }, "icmp_sent": { "packets": 0, "bytes": 0 }, "icmp_rcvd": { "packets": 0, "bytes": 0 }, "other_ip_sent": { "packets": 0, "bytes": 0 }, "other_ip_rcvd": { "packets": 0, "bytes": 0 }, "pktStats.sent": { }, "pktStats.recv": { "upTo256": 4 }, "throughput_bps": 0, "throughput_trend_bps": "Stable", "throughput_pps": 0, "throughput_trend_pps": "Stable", "flows.as_client": 0, "flows.as_server": 2, "num_alerts": 0, "sent": { "packets": 0, "bytes": 0 }, "rcvd": { "packets": 2, "bytes": 368 }, "ndpiStats": { "Google": { "bytes": { "sent": 0, "rcvd": 368 }, "packets": { "sent": 0, "rcvd": 2 } } }, "dns": { "sent": { "stats": { } }, "rcvd": { "num_replies_ok": 2, "stats": { } } }, "http": { "sender": { "query": { }, "response": { }, "query_rate": { }, "response_rate": { } }, "receiver": { "query": { }, "response": { }, "query_rate": { }, "response_rate": { } } } },
{ "mac_address": "50:3D:E5:D9:02:58", "seen.last": 1555370505, "asn": 0, "symbolic_name": "2607:f8b0:4002:c09::be", "ip": { "ipVersion": 6, "localHost": false, "ip": "2607:f8b0:4002:c09::be" }, "localHost": false, "systemHost": false, "tcp_sent": { "packets": 0, "bytes": 0 }, "tcp_rcvd": { "packets": 5, "bytes": 470 }, "udp_sent": { "packets": 0, "bytes": 0 }, "udp_rcvd": { "packets": 0, "bytes": 0 }, "icmp_sent": { "packets": 0, "bytes": 0 }, "icmp_rcvd": { "packets": 0, "bytes": 0 }, "other_ip_sent": { "packets": 0, "bytes": 0 }, "other_ip_rcvd": { "packets": 0, "bytes": 0 }, "pktStats.sent": { }, "pktStats.recv": { "upTo128": 6 }, "throughput_bps": 0, "throughput_trend_bps": "Stable", "throughput_pps": 0, "throughput_trend_pps": "Stable", "flows.as_client": 0, "flows.as_server": 1, "num_alerts": 0, "sent": { "packets": 0, "bytes": 0 }, "rcvd": { "packets": 5, "bytes": 470 }, "ndpiStats": { "Unknown": { "bytes": { "sent": 0, "rcvd": 470 }, "packets": { "sent": 0, "rcvd": 5 } } } },
{ "mac_address": "00:1C:7F:00:00:01", "seen.last": 1555370495, "asn": 0, "symbolic_name": "yv-in-f132.1e100.net", "ip": { "ipVersion": 4, "localHost": false, "ip": "74.125.21.132" }, "localHost": false, "systemHost": false, "tcp_sent": { "packets": 14, "bytes": 3800 }, "tcp_rcvd": { "packets": 17, "bytes": 2294 }, "udp_sent": { "packets": 0, "bytes": 0 }, "udp_rcvd": { "packets": 0, "bytes": 0 }, "icmp_sent": { "packets": 0, "bytes": 0 }, "icmp_rcvd": { "packets": 0, "bytes": 0 }, "other_ip_sent": { "packets": 0, "bytes": 0 }, "other_ip_rcvd": { "packets": 0, "bytes": 0 }, "pktStats.sent": { "upTo128": 13, "upTo256": 2, "upTo512": 1, "upTo1024": 1, "upTo1518": 1 }, "pktStats.recv": { "upTo128": 16, "upTo256": 1, "upTo512": 1, "upTo1024": 1 }, "throughput_bps": 0, "throughput_trend_bps": "Stable", "throughput_pps": 0, "throughput_trend_pps": "Stable", "flows.as_client": 0, "flows.as_server": 2, "num_alerts": 0, "sent": { "packets": 14, "bytes": 3800 }, "rcvd": { "packets": 17, "bytes": 2294 }, "ndpiStats": { "Unknown": { "bytes": { "sent": 206, "rcvd": 272 }, "packets": { "sent": 3, "rcvd": 4 } }, "Google": { "bytes": { "sent": 3594, "rcvd": 2022 }, "packets": { "sent": 11, "rcvd": 13 } } } },
{ "mac_address": "A4:1F:72:F5:90:58", "seen.last": 1555370475, "asn": 0, "symbolic_name": "james_bond.portoalegre.pucrsnet.br", "ip": { "ipVersion": 4, "localHost": false, "ip": "10.32.143.83" }, "localHost": true, "systemHost": false, "tcp_sent": { "packets": 0, "bytes": 0 }, "tcp_rcvd": { "packets": 0, "bytes": 0 }, "udp_sent": { "packets": 20, "bytes": 4260 }, "udp_rcvd": { "packets": 0, "bytes": 0 }, "icmp_sent": { "packets": 0, "bytes": 0 }, "icmp_rcvd": { "packets": 0, "bytes": 0 }, "other_ip_sent": { "packets": 0, "bytes": 0 }, "other_ip_rcvd": { "packets": 0, "bytes": 0 }, "pktStats.sent": { "upTo256": 25 }, "pktStats.recv": { }, "throughput_bps": 0, "throughput_trend_bps": "Stable", "throughput_pps": 0, "throughput_trend_pps": "Stable", "flows.as_client": 5, "flows.as_server": 0, "num_alerts": 0, "sent": { "packets": 20, "bytes": 4260 }, "rcvd": { "packets": 0, "bytes": 0 }, "ndpiStats": { "SSDP": { "bytes": { "sent": 4260, "rcvd": 0 }, "packets": { "sent": 20, "rcvd": 0 } } }, "dns": { "sent": { "stats": { } }, "rcvd": { "stats": { } } }, "http": { "sender": { "query": { }, "response": { }, "query_rate": { }, "response_rate": { } }, "receiver": { "query": { }, "response": { }, "query_rate": { }, "response_rate": { } } } },
{ "mac_address": "00:1C:7F:00:00:01", "seen.last": 1555370475, "asn": 0, "symbolic_name": "74.125.136.94", "ip": { "ipVersion": 4, "localHost": false, "ip": "74.125.136.94" }, "localHost": false, "systemHost": false, "tcp_sent": { "packets": 244, "bytes": 224758 }, "tcp_rcvd": { "packets": 144, "bytes": 12669 }, "udp_sent": { "packets": 0, "bytes": 0 }, "udp_rcvd": { "packets": 0, "bytes": 0 }, "icmp_sent": { "packets": 0, "bytes": 0 }, "icmp_rcvd": { "packets": 0, "bytes": 0 }, "other_ip_sent": { "packets": 0, "bytes": 0 }, "other_ip_rcvd": { "packets": 0, "bytes": 0 }, "pktStats.sent": { "upTo128": 76, "upTo256": 28, "upTo512": 3, "upTo1518": 144 }, "pktStats.recv": { "upTo128": 130, "upTo256": 18, "upTo512": 1 }, "throughput_bps": 0, "throughput_trend_bps": "Stable", "throughput_pps": 0, "throughput_trend_pps": "Stable", "flows.as_client": 0, "flows.as_server": 1, "num_alerts": 0, "sent": { "packets": 244, "bytes": 224758 }, "rcvd": { "packets": 144, "bytes": 12669 }, "ndpiStats": { "Unknown": { "bytes": { "sent": 66, "rcvd": 66 }, "packets": { "sent": 1, "rcvd": 1 } }, "Google": { "bytes": { "sent": 224692, "rcvd": 12603 }, "packets": { "sent": 243, "rcvd": 143 } } } },
{ "mac_address": "A4:1F:72:F5:90:41", "seen.last": 1555370475, "asn": 0, "symbolic_name": "labredes.portoalegre.pucrsnet.br", "ip": { "ipVersion": 4, "localHost": false, "ip": "10.32.143.98" }, "localHost": true, "systemHost": false, "tcp_sent": { "packets": 0, "bytes": 0 }, "tcp_rcvd": { "packets": 0, "bytes": 0 }, "udp_sent": { "packets": 20, "bytes": 4260 }, "udp_rcvd": { "packets": 0, "bytes": 0 }, "icmp_sent": { "packets": 0, "bytes": 0 }, "icmp_rcvd": { "packets": 0, "bytes": 0 }, "other_ip_sent": { "packets": 0, "bytes": 0 }, "other_ip_rcvd": { "packets": 0, "bytes": 0 }, "pktStats.sent": { "upTo256": 20 }, "pktStats.recv": { }, "throughput_bps": 0, "throughput_trend_bps": "Stable", "throughput_pps": 0, "throughput_trend_pps": "Stable", "flows.as_client": 5, "flows.as_server": 0, "num_alerts": 0, "sent": { "packets": 20, "bytes": 4260 }, "rcvd": { "packets": 0, "bytes": 0 }, "ndpiStats": { "SSDP": { "bytes": { "sent": 4260, "rcvd": 0 }, "packets": { "sent": 20, "rcvd": 0 } } }, "dns": { "sent": { "stats": { } }, "rcvd": { "stats": { } } }, "http": { "sender": { "query": { }, "response": { }, "query_rate": { }, "response_rate": { } }, "receiver": { "query": { }, "response": { }, "query_rate": { }, "response_rate": { } } } },
{ "mac_address": "00:1C:7F:00:00:01", "seen.last": 1555370515, "asn": 0, "symbolic_name": "poa01dns01.pucrsnet.br", "ip": { "ipVersion": 4, "localHost": false, "ip": "10.40.48.10" }, "localHost": false, "systemHost": false, "tcp_sent": { "packets": 0, "bytes": 0 }, "tcp_rcvd": { "packets": 0, "bytes": 0 }, "udp_sent": { "packets": 200, "bytes": 25785 }, "udp_rcvd": { "packets": 198, "bytes": 16144 }, "icmp_sent": { "packets": 0, "bytes": 0 }, "icmp_rcvd": { "packets": 0, "bytes": 0 }, "other_ip_sent": { "packets": 0, "bytes": 0 }, "other_ip_rcvd": { "packets": 0, "bytes": 0 }, "pktStats.sent": { "upTo64": 4, "upTo128": 132, "upTo256": 146, "upTo512": 2 }, "pktStats.recv": { "upTo64": 4, "upTo128": 254, "upTo256": 18 }, "throughput_bps": 238.39999389648438, "throughput_trend_bps": "Up", "throughput_pps": 2.4000000953674316, "throughput_trend_pps": "Up", "flows.as_client": 2, "flows.as_server": 138, "num_alerts": 0, "sent": { "packets": 200, "bytes": 25785 }, "rcvd": { "packets": 198, "bytes": 16144 }, "ndpiStats": { "DNS": { "bytes": { "sent": 18333, "rcvd": 11742 }, "packets": { "sent": 143, "rcvd": 143 } }, "Google": { "bytes": { "sent": 7256, "rcvd": 4250 }, "packets": { "sent": 55, "rcvd": 53 } }, "Wikipedia": { "bytes": { "sent": 196, "rcvd": 152 }, "packets": { "sent": 2, "rcvd": 2 } } } },
{ "mac_address": "00:1C:7F:00:00:01", "seen.last": 1555370490, "asn": 0, "symbolic_name": "yx-in-f102.1e100.net", "ip": { "ipVersion": 4, "localHost": false, "ip": "64.233.177.102" }, "localHost": false, "systemHost": false, "tcp_sent": { "packets": 109, "bytes": 15190 }, "tcp_rcvd": { "packets": 88, "bytes": 23310 }, "udp_sent": { "packets": 0, "bytes": 0 }, "udp_rcvd": { "packets": 0, "bytes": 0 }, "icmp_sent": { "packets": 0, "bytes": 0 }, "icmp_rcvd": { "packets": 0, "bytes": 0 }, "other_ip_sent": { "packets": 0, "bytes": 0 }, "other_ip_rcvd": { "packets": 0, "bytes": 0 }, "pktStats.sent": { "upTo128": 89, "upTo256": 23, "upTo512": 3, "upTo1024": 1, "upTo1518": 2 }, "pktStats.recv": { "upTo128": 73, "upTo256": 6, "upTo512": 4, "upTo1024": 3, "upTo1518": 10 }, "throughput_bps": 0, "throughput_trend_bps": "Stable", "throughput_pps": 0, "throughput_trend_pps": "Stable", "flows.as_client": 0, "flows.as_server": 2, "num_alerts": 0, "sent": { "packets": 109, "bytes": 15190 }, "rcvd": { "packets": 88, "bytes": 23310 }, "ndpiStats": { "Unknown": { "bytes": { "sent": 206, "rcvd": 272 }, "packets": { "sent": 3, "rcvd": 4 } }, "Google": { "bytes": { "sent": 14984, "rcvd": 23038 }, "packets": { "sent": 106, "rcvd": 84 } } } },
{ "mac_address": "A4:1F:72:F5:90:80", "seen.last": 1555370505, "asn": 0, "symbolic_name": "pcdojorel.portoalegre.pucrsnet.br", "ip": { "ipVersion": 4, "localHost": false, "ip": "10.32.143.66" }, "localHost": true, "systemHost": false, "tcp_sent": { "packets": 0, "bytes": 0 }, "tcp_rcvd": { "packets": 0, "bytes": 0 }, "udp_sent": { "packets": 20, "bytes": 4260 }, "udp_rcvd": { "packets": 0, "bytes": 0 }, "icmp_sent": { "packets": 0, "bytes": 0 }, "icmp_rcvd": { "packets": 0, "bytes": 0 }, "other_ip_sent": { "packets": 0, "bytes": 0 }, "other_ip_rcvd": { "packets": 0, "bytes": 0 }, "pktStats.sent": { "upTo256": 25 }, "pktStats.recv": { }, "throughput_bps": 0, "throughput_trend_bps": "Stable", "throughput_pps": 0, "throughput_trend_pps": "Stable", "flows.as_client": 5, "flows.as_server": 0, "num_alerts": 0, "sent": { "packets": 20, "bytes": 4260 }, "rcvd": { "packets": 0, "bytes": 0 }, "ndpiStats": { "SSDP": { "bytes": { "sent": 4260, "rcvd": 0 }, "packets": { "sent": 20, "rcvd": 0 } } }, "dns": { "sent": { "stats": { } }, "rcvd": { "stats": { } } }, "http": { "sender": { "query": { }, "response": { }, "query_rate": { }, "response_rate": { } }, "receiver": { "query": { }, "response": { }, "query_rate": { }, "response_rate": { } } } },
{ "mac_address": "00:1C:7F:00:00:01", "seen.last": 1555370479, "asn": 0, "symbolic_name": "nuq04s19-in-f10.1e100.net", "ip": { "ipVersion": 4, "localHost": false, "ip": "172.217.0.74" }, "localHost": false, "systemHost": false, "tcp_sent": { "packets": 17, "bytes": 2392 }, "tcp_rcvd": { "packets": 18, "bytes": 2530 }, "udp_sent": { "packets": 0, "bytes": 0 }, "udp_rcvd": { "packets": 0, "bytes": 0 }, "icmp_sent": { "packets": 0, "bytes": 0 }, "icmp_rcvd": { "packets": 0, "bytes": 0 }, "other_ip_sent": { "packets": 0, "bytes": 0 }, "other_ip_rcvd": { "packets": 0, "bytes": 0 }, "pktStats.sent": { "upTo128": 17, "upTo512": 2, "upTo1024": 1 }, "pktStats.recv": { "upTo128": 16, "upTo256": 2, "upTo1024": 2 }, "throughput_bps": 0, "throughput_trend_bps": "Stable", "throughput_pps": 0, "throughput_trend_pps": "Stable", "flows.as_client": 0, "flows.as_server": 2, "num_alerts": 0, "sent": { "packets": 17, "bytes": 2392 }, "rcvd": { "packets": 18, "bytes": 2530 }, "ndpiStats": { "Unknown": { "bytes": { "sent": 206, "rcvd": 272 }, "packets": { "sent": 3, "rcvd": 4 } }, "Google": { "bytes": { "sent": 2186, "rcvd": 2258 }, "packets": { "sent": 14, "rcvd": 14 } } } },
{ "mac_address": "A4:1F:72:F5:90:52", "seen.last": 1555370515, "asn": 0, "symbolic_name": "labredes.portoalegre.pucrsnet.br", "ip": { "ipVersion": 4, "localHost": false, "ip": "10.32.143.154" }, "localHost": true, "systemHost": false, "tcp_sent": { "packets": 10034, "bytes": 5355278 }, "tcp_rcvd": { "packets": 10020, "bytes": 1974890 }, "udp_sent": { "packets": 224, "bytes": 20847 }, "udp_rcvd": { "packets": 203, "bytes": 25773 }, "icmp_sent": { "packets": 0, "bytes": 0 }, "icmp_rcvd": { "packets": 0, "bytes": 0 }, "other_ip_sent": { "packets": 0, "bytes": 0 }, "other_ip_rcvd": { "packets": 0, "bytes": 0 }, "pktStats.sent": { "upTo64": 10, "upTo128": 5570, "upTo256": 294, "upTo512": 1671, "upTo1024": 223, "upTo1518": 2820 }, "pktStats.recv": { "upTo64": 20, "upTo128": 8338, "upTo256": 434, "upTo512": 828, "upTo1024": 364, "upTo1518": 570 }, "throughput_bps": 5749.60009765625, "throughput_trend_bps": "Up", "throughput_pps": 39.200000762939453, "throughput_trend_pps": "Up", "flows.as_client": 214, "flows.as_server": 662, "num_alerts": 3, "sent": { "packets": 10258, "bytes": 5376125 }, "rcvd": { "packets": 10223, "bytes": 2000663 }, "ndpiStats": { "Unknown": { "bytes": { "sent": 8034, "rcvd": 7632 }, "packets": { "sent": 118, "rcvd": 99 } }, "DNS": { "bytes": { "sent": 12008, "rcvd": 18599 }, "packets": { "sent": 147, "rcvd": 147 } }, "HTTP": { "bytes": { "sent": 4550522, "rcvd": 757327 }, "packets": { "sent": 7513, "rcvd": 6971 } }, "MDNS": { "bytes": { "sent": 87, "rcvd": 0 }, "packets": { "sent": 1, "rcvd": 0 } }, "NTP": { "bytes": { "sent": 90, "rcvd": 90 }, "packets": { "sent": 1, "rcvd": 1 } }, "SSDP": { "bytes": { "sent": 4260, "rcvd": 0 }, "packets": { "sent": 20, "rcvd": 0 } }, "SSL": { "bytes": { "sent": 287228, "rcvd": 244902 }, "packets": { "sent": 898, "rcvd": 1091 } }, "Google": { "bytes": { "sent": 513744, "rcvd": 971917 }, "packets": { "sent": 1558, "rcvd": 1912 } }, "Wikipedia": { "bytes": { "sent": 152, "rcvd": 196 }, "packets": { "sent": 2, "rcvd": 2 } } }, "dns": { "sent": { "num_queries": 202, "stats": { "num_a": 136, "num_ptr": 61, "num_other": 5 } }, "rcvd": { "num_replies_ok": 177, "num_replies_error": 25, "stats": { } } }, "http": { "sender": { "query": { "num_get": 6 }, "response": { "num_2xx": 636, "num_3xx": 12, "num_4xx": 12 }, "query_rate": { }, "response_rate": { "2xx": 2 } }, "receiver": { "query": { "num_get": 660 }, "response": { "num_2xx": 2, "num_3xx": 3, "num_4xx": 1 }, "query_rate": { "get": 2 }, "response_rate": { } } } },
{ "mac_address": "50:3D:E5:D9:02:58", "seen.last": 1555370495, "asn": 0, "symbolic_name": "gateway", "ip": { "ipVersion": 6, "localHost": false, "ip": "fe80::523d:e5ff:fed9:258" }, "localHost": false, "systemHost": true, "tcp_sent": { "packets": 0, "bytes": 0 }, "tcp_rcvd": { "packets": 0, "bytes": 0 }, "udp_sent": { "packets": 0, "bytes": 0 }, "udp_rcvd": { "packets": 0, "bytes": 0 }, "icmp_sent": { "packets": 0, "bytes": 0 }, "icmp_rcvd": { "packets": 0, "bytes": 0 }, "other_ip_sent": { "packets": 5, "bytes": 414 }, "other_ip_rcvd": { "packets": 4, "bytes": 328 }, "pktStats.sent": { "upTo128": 10 }, "pktStats.recv": { "upTo128": 8 }, "throughput_bps": 0, "throughput_trend_bps": "Stable", "throughput_pps": 0, "throughput_trend_pps": "Stable", "flows.as_client": 1, "flows.as_server": 2, "num_alerts": 0, "sent": { "packets": 5, "bytes": 414 }, "rcvd": { "packets": 4, "bytes": 328 }, "ndpiStats": { "ICMPV6": { "bytes": { "sent": 414, "rcvd": 328 }, "packets": { "sent": 5, "rcvd": 4 } } }, "dns": { "sent": { "stats": { } }, "rcvd": { "stats": { } } }, "http": { "sender": { "query": { }, "response": { }, "query_rate": { }, "response_rate": { } }, "receiver": { "query": { }, "response": { }, "query_rate": { }, "response_rate": { } } } },
{ "mac_address": "A4:1F:72:F5:90:52", "seen.last": 1555370495, "asn": 0, "symbolic_name": "Labredes", "ip": { "ipVersion": 6, "localHost": false, "ip": "fe80::a61f:72ff:fef5:9052" }, "localHost": false, "systemHost": true, "tcp_sent": { "packets": 0, "bytes": 0 }, "tcp_rcvd": { "packets": 0, "bytes": 0 }, "udp_sent": { "packets": 0, "bytes": 0 }, "udp_rcvd": { "packets": 0, "bytes": 0 }, "icmp_sent": { "packets": 0, "bytes": 0 }, "icmp_rcvd": { "packets": 0, "bytes": 0 }, "other_ip_sent": { "packets": 14, "bytes": 1148 }, "other_ip_rcvd": { "packets": 14, "bytes": 1148 }, "pktStats.sent": { "upTo128": 28 }, "pktStats.recv": { "upTo128": 28 }, "throughput_bps": 0, "throughput_trend_bps": "Stable", "throughput_pps": 0, "throughput_trend_pps": "Stable", "flows.as_client": 3, "flows.as_server": 0, "num_alerts": 0, "sent": { "packets": 14, "bytes": 1148 }, "rcvd": { "packets": 14, "bytes": 1148 }, "ndpiStats": { "ICMPV6": { "bytes": { "sent": 1148, "rcvd": 1148 }, "packets": { "sent": 986, "rcvd": 986 } } }, "dns": { "sent": { "stats": { } }, "rcvd": { "stats": { } } }, "http": { "sender": { "query": { }, "response": { }, "query_rate": { }, "response_rate": { } }, "receiver": { "query": { }, "response": { }, "query_rate": { }, "response_rate": { } } } },
{ "mac_address": "00:1C:7F:00:00:01", "seen.last": 1555370495, "asn": 0, "symbolic_name": "gru14s05-in-f10.1e100.net", "ip": { "ipVersion": 4, "localHost": false, "ip": "172.217.28.234" }, "localHost": false, "systemHost": false, "tcp_sent": { "packets": 117, "bytes": 50509 }, "tcp_rcvd": { "packets": 102, "bytes": 14093 }, "udp_sent": { "packets": 0, "bytes": 0 }, "udp_rcvd": { "packets": 0, "bytes": 0 }, "icmp_sent": { "packets": 0, "bytes": 0 }, "icmp_rcvd": { "packets": 0, "bytes": 0 }, "other_ip_sent": { "packets": 0, "bytes": 0 }, "other_ip_rcvd": { "packets": 0, "bytes": 0 }, "pktStats.sent": { "upTo128": 70, "upTo256": 9, "upTo512": 19, "upTo1024": 3, "upTo1518": 24 }, "pktStats.recv": { "upTo128": 87, "upTo256": 2, "upTo512": 19, "upTo1024": 2 }, "throughput_bps": 0, "throughput_trend_bps": "Stable", "throughput_pps": 0, "throughput_trend_pps": "Stable", "flows.as_client": 0, "flows.as_server": 1, "num_alerts": 0, "sent": { "packets": 117, "bytes": 50509 }, "rcvd": { "packets": 102, "bytes": 14093 }, "ndpiStats": { "Unknown": { "bytes": { "sent": 132, "rcvd": 132 }, "packets": { "sent": 2, "rcvd": 2 } }, "SSL": { "bytes": { "sent": 50377, "rcvd": 13961 }, "packets": { "sent": 115, "rcvd": 100 } } } },
{ "mac_address": "A4:1F:72:F5:90:52", "seen.last": 1555370505, "asn": 0, "symbolic_name": "", "ip": { "ipVersion": 6, "localHost": false, "ip": "2001:1bcd:123:1:1c07:e36d:2603:6e7c" }, "localHost": false, "systemHost": true, "tcp_sent": { "packets": 61, "bytes": 5734 }, "tcp_rcvd": { "packets": 0, "bytes": 0 }, "udp_sent": { "packets": 43, "bytes": 49681 }, "udp_rcvd": { "packets": 0, "bytes": 0 }, "icmp_sent": { "packets": 0, "bytes": 0 }, "icmp_rcvd": { "packets": 0, "bytes": 0 }, "other_ip_sent": { "packets": 0, "bytes": 0 }, "other_ip_rcvd": { "packets": 0, "bytes": 0 }, "pktStats.sent": { "upTo128": 122, "upTo1518": 35 }, "pktStats.recv": { }, "throughput_bps": 0, "throughput_trend_bps": "Stable", "throughput_pps": 0, "throughput_trend_pps": "Stable", "flows.as_client": 56, "flows.as_server": 0, "num_alerts": 45, "sent": { "packets": 104, "bytes": 55415 }, "rcvd": { "packets": 0, "bytes": 0 }, "ndpiStats": { "Unknown": { "bytes": { "sent": 55415, "rcvd": 0 }, "packets": { "sent": 54020, "rcvd": 0 } } }, "dns": { "sent": { "stats": { } }, "rcvd": { "stats": { } } }, "http": { "sender": { "query": { }, "response": { }, "query_rate": { }, "response_rate": { } }, "receiver": { "query": { }, "response": { }, "query_rate": { }, "response_rate": { } } } },
{ "mac_address": "0C:C4:7A:1A:B8:28", "seen.last": 1555370515, "asn": 0, "symbolic_name": "NoIP", "ip": { "ipVersion": 4, "localHost": false, "ip": "0.0.0.0" }, "localHost": false, "systemHost": false, "tcp_sent": { "packets": 0, "bytes": 0 }, "tcp_rcvd": { "packets": 0, "bytes": 0 }, "udp_sent": { "packets": 57, "bytes": 33630 }, "udp_rcvd": { "packets": 0, "bytes": 0 }, "icmp_sent": { "packets": 0, "bytes": 0 }, "icmp_rcvd": { "packets": 0, "bytes": 0 }, "other_ip_sent": { "packets": 0, "bytes": 0 }, "other_ip_rcvd": { "packets": 0, "bytes": 0 }, "pktStats.sent": { "upTo1024": 86 }, "pktStats.recv": { }, "throughput_bps": 236, "throughput_trend_bps": "Up", "throughput_pps": 0.40000000596046448, "throughput_trend_pps": "Up", "flows.as_client": 1, "flows.as_server": 0, "num_alerts": 0, "sent": { "packets": 57, "bytes": 33630 }, "rcvd": { "packets": 0, "bytes": 0 }, "ndpiStats": { "DHCP": { "bytes": { "sent": 33630, "rcvd": 0 }, "packets": { "sent": 57, "rcvd": 0 } } } },
{ "mac_address": "A4:1F:72:F5:90:BE", "seen.last": 1555370515, "asn": 0, "symbolic_name": "exemplo.portoalegre.pucrsnet.br", "ip": { "ipVersion": 4, "localHost": false, "ip": "10.32.143.136" }, "localHost": true, "systemHost": false, "tcp_sent": { "packets": 0, "bytes": 0 }, "tcp_rcvd": { "packets": 0, "bytes": 0 }, "udp_sent": { "packets": 23, "bytes": 4506 }, "udp_rcvd": { "packets": 0, "bytes": 0 }, "icmp_sent": { "packets": 0, "bytes": 0 }, "icmp_rcvd": { "packets": 0, "bytes": 0 }, "other_ip_sent": { "packets": 0, "bytes": 0 }, "other_ip_rcvd": { "packets": 0, "bytes": 0 }, "pktStats.sent": { "upTo128": 3, "upTo256": 20 }, "pktStats.recv": { }, "throughput_bps": 170.39999389648438, "throughput_trend_bps": "Up", "throughput_pps": 0.80000001192092896, "throughput_trend_pps": "Up", "flows.as_client": 6, "flows.as_server": 0, "num_alerts": 0, "sent": { "packets": 23, "bytes": 4506 }, "rcvd": { "packets": 0, "bytes": 0 }, "ndpiStats": { "MDNS": { "bytes": { "sent": 246, "rcvd": 0 }, "packets": { "sent": 3, "rcvd": 0 } }, "SSDP": { "bytes": { "sent": 4260, "rcvd": 0 }, "packets": { "sent": 20, "rcvd": 0 } } }, "dns": { "sent": { "stats": { } }, "rcvd": { "stats": { } } }, "http": { "sender": { "query": { }, "response": { }, "query_rate": { }, "response_rate": { } }, "receiver": { "query": { }, "response": { }, "query_rate": { }, "response_rate": { } } } }
]
